381600000001,15-01-2023
381600000002,05-12-2022
381600000003,20-02-2023
381600000004,10-11-2022
381600000005,25-03-2023
381600000006,08-09-2022
381600000007,12-04-2023
381600000008,30-10-2022
381600000009,18-05-2023
381600000010,22-08-2022
381600000011,06-05-2023
381600000012,15-07-2022
381600000013,28-07-2023
381600000014,10-06-2022
381600000015,05-08-2023
381600000016,01-05-2022
381600000017,15-09-2023
381600000018,20-04-2022
381600000019,10-10-2023
381600000020,12-03-2022
381600000021,25-11-2023
381600000022,18-02-2022
381600000023,08-12-2023
381600000024,05-01-2022
381600000025,20-01-2024
381600000026,15-12-2021
381600000027,28-02-2024
381600000028,10-11-2021
381600000029,15-03-2024
381600000030,05-10-2021
381600000031,30-04-2024
381600000032,20-09-2021
381600000033,18-05-2024
381600000034,22-08-2021
381600000035,05-06-2024
381600000036,15-07-2021
381600000037,28-07-2024
381600000038,10-06-2021
381600000039,05-08-2024
381600000040,01-05-2021
381600000041,15-09-2024
381600000042,20-04-2021
381600000043,10-10-2024
381600000044,12-03-2021
381600000045,25-11-2024
381600000046,18-02-2021
381600000047,08-12-2024
381600000048,05-01-2021
381600000049,20-01-2025
381600000050,15-12-2020
381600000051,28-02-2025
381600000052,10-11-2020
381600000053,15-03-2025
381600000054,10-10-2020
381600000055,30-04-2025
381600000056,20-09-2020
381600000057,18-05-2025
381600000058,22-08-2020
381600000059,05-06-2025
381600000060,15-07-2020
381600000061,28-07-2025
381600000062,10-06-2020
381600000063,05-08-2025
381600000064,01-05-2020
381600000065,15-09-2025
381600000066,20-04-2020
381600000067,10-10-2025
381600000068,12-03-2020
381600000069,25-11-2025
381600000070,18-02-2020
381600000071,08-12-2025
381600000072,05-01-2020
381600000073,20-01-2026
381600000074,15-12-2019
381600000075,28-02-2026
381600000076,10-11-2019
381600000077,15-03-2026
381600000078,10-10-2019
381600000079,30-04-2026
381600000080,20-09-2019
381600000081,18-05-2026
381600000082,22-08-2019
381600000083,05-06-2026
381600000084,15-07-2019
381600000085,28-07-2026
381600000086,10-06-2019
381600000087,05-08-2026
381600000088,01-05-2019
381600000089,15-09-2026
381600000090,20-04-2019
381600000091,10-10-2026
381600000092,12-03-2019
381600000093,25-11-2026
381600000094,18-02-2019
381600000095,08-12-2026
381600000096,05-01-2019
381600000097,20-01-2027
381600000098,15-12-2018
381600000099,28-02-2027
381600000100,10-11-2018
381600000101,15-03-2027
381600000102,10-10-2018
381600000103,30-04-2027
381600000104,20-09-2018
381600000105,18-05-2027
381600000106,22-08-2018
381600000107,05-06-2027
381600000108,15-07-2018
381600000109,28-07-2027
381600000110,10-06-2018
381600000111,05-08-2027
381600000112,01-05-2018
381600000113,15-09-2027
381600000114,20-04-2018
381600000115,10-10-2027
381600000116,12-03-2018
381600000117,06-12-1960